<?xml version="1.0" encoding="UTF-8"?>
<!DOCTYPE editor-macros PUBLIC "-//NetBeans//DTD Editor Macros settings 1.1//EN" "http://www.netbeans.org/dtds/EditorMacros-1_1.dtd">
<editor-macros>
    <macro name="echo '&lt;br&gt;';" xml:space="preserve">
        <shortcut keystrokes="D-NUMPAD0"/>
        <code><![CDATA["echo '<br>';"]]></code>
    </macro>
    <macro name="echo '&lt;pre&gt;..&lt;/pre&gt;';" xml:space="preserve">
        <shortcut keystrokes="D-DECIMAL"/>
        <code><![CDATA["echo '<pre>';" insert-break insert-break  "echo '</pre>';" insert-break "exit;"]]></code>
    </macro>
</editor-macros>
